{
 "appConfig": {},
 "application": "custom-dummy-application (application is_generated at injection using L1product)",
 "description": "",
 "id": "custom-dummy-id (id is_generated at injection using L1product+_+L1stage_name+-+cpe_name)",
 "index": 2,
 "keepWaitingPipelines": false,
 "lastModifiedBy": "anonymous",
 "limitConcurrent": true,
 "name": "Custom-Stage-Pre",
 "parameterConfig": [
  {
   "default": "",
   "description": "Customer Config API server IP or Hostname.",
   "hasOptions": false,
   "label": "",
   "name": "config_service_host",
   "options": [
    {
     "value": ""
    }
   ],
   "pinned": true,
   "required": true
  },
  {
   "default": "",
   "description": "Customer Config API server port.",
   "hasOptions": false,
   "label": "",
   "name": "config_service_port",
   "options": [
    {
     "value": ""
    }
   ],
   "pinned": true,
   "required": true
  },
  {
   "default": "",
   "description": "Network function name of the node (Name of a section in ini-file).",
   "hasOptions": false,
   "label": "",
   "name": "network_function_name",
   "options": [
    {
     "value": ""
    }
   ],
   "pinned": true,
   "required": true
  },
  {
   "default": "onboarding-params",
   "description": "HOT Parameters used during onboarding (Name of a section in the ini-file).",
   "hasOptions": false,
   "label": "",
   "name": "onboarding_params",
   "options": [
    {
     "value": ""
    }
   ],
   "pinned": true,
   "required": true
  },
  {
   "default": "",
   "description": "Customer Site Name.",
   "hasOptions": false,
   "label": "",
   "name": "site_name",
   "options": [
    {
     "value": ""
    }
   ],
   "pinned": true,
   "required": true
  },
  {
   "default": "",
   "description": "The directory where the product (CXP.zip) is placed by the Distribution Agent.",
   "hasOptions": false,
   "label": "",
   "name": "ticket_directory",
   "options": [
    {
     "value": ""
    }
   ],
   "pinned": true,
   "required": true
  },
  {
   "default": "k8s-registry.eccd.local",
   "description": "Docker Registry for Bake Manifest stage",
   "hasOptions": false,
   "label": "",
   "name": "registry",
   "options": [
    {
     "value": ""
    }
   ],
   "pinned": true,
   "required": true
  }
 ],
 "stages": [
  {
   "name": "Configuration_discovery",
   "type": "webhook",
   "refId": "discovery",
   "requisiteStageRefIds": [],
   "statusUrlResolution": "getMethod",
   "method": "GET",
   "url": "http://${ parameters.config_service_host}:${ parameters.config_service_port}/swdpconfig/${ parameters.site_name }/manual-decisions"
  },
  {
   "name": "Prepare cdd-ref-psp K8s manifests",
   "type": "bakeManifest",
   "refId": "bake",
   "requisiteStageRefIds": [
     "discovery"
   ],
   "namespace": "",
   "outputName": "cdd-ref-psp",
   "overrides": {
     "image.registry": "${parameters.registry}"
   },
   "templateRenderer": "HELM3",
   "expectedArtifacts": [
     {
       "defaultArtifact": {
         "customKind": true,
         "id": "ab4731f0-725d-47cd-aeb5-5e7808b0d1fc"
       },
       "displayName": "cdd-ref-psp-manifests",
       "id": "e9191b36-dba4-4498-93cf-8cce414869a1",
       "matchArtifact": {
         "artifactAccount": "embedded-artifact",
         "customKind": false,
         "id": "7b9da8c8-ca3e-48fa-8a0d-6df3c0e5cb9d",
         "name": "cdd-ref-psp-manifests",
         "type": "embedded/base64"
       },
       "useDefaultArtifact": false,
       "usePriorArtifact": false
     }
   ],
   "inputArtifacts": [
     {
       "account": "swdp-cdd-helm",
       "artifact": {
         "artifactAccount": "swdp-cdd-helm",
         "id": "af736367-310a-4457-bbf2-ac983f0c4f47",
         "name": "kubernetes-dashboard",
         "type": "helm/chart",
         "version": <VERSION>
       }
     }
   ]
  },
  {
   "name": "Deploy cdd-ref-psp",
   "type": "deployManifest",
   "refId": "deploy",
   "requisiteStageRefIds": [
     "bake"
   ],
   "account": "default",
   "cloudProvider": "kubernetes",
   "manifestArtifactId": "e9191b36-dba4-4498-93cf-8cce414869a1",
   "moniker": {
     "app": "cdd-ref-psp"
   },
   "skipExpressionEvaluation": false,
   "source": "artifact",
   "trafficManagement": {
     "enabled": false,
     "options": {
       "enableTraffic": false,
       "services": []
     }
   }
  }
 ],
 "triggers": []
}
