{
 "appConfig": {},
 "application": "custom-dummy-application (application is_generated at injection using L1product)",
 "id": "custom-dummy-id (id is_generated at injection using L1product+_+L1stage_name+-+cpe_name)",
 "index": 8,
 "keepWaitingPipelines": false,
 "lastModifiedBy": "anonymous",
 "limitConcurrent": true,
 "name": "Custom-Stage-Post",
 "parameterConfig": [
  {
   "default": "",
   "description": "Customer Config API server IP or Hostname.",
   "name": "config_service_host",
   "pinned": true,
   "required": true
  },
  {
   "default": "",
   "description": "Customer Config API server port.",
   "hasOptions": false,
   "label": "",
   "name": "config_service_port",
   "options": [
    {
     "value": ""
    }
   ],
   "pinned": false,
   "required": false
  },
  {
   "default": "vnf-vMME",
   "description": "Network function name of the node (Name of a section in ini-file).",
   "hasOptions": false,
   "label": "",
   "name": "network_function_name",
   "options": [
    {
     "value": ""
    }
   ],
   "pinned": true,
   "required": true
  },
  {
   "default": "",
   "description": "Customer Site Name.",
   "hasOptions": false,
   "label": "",
   "name": "site_name",
   "options": [
    {
     "value": ""
    }
   ],
   "pinned": true,
   "required": true
  },
  {
   "default": "",
   "description": "The directory where the product (CXP.zip) is placed by the Distribution Agent.",
   "hasOptions": false,
   "label": "",
   "name": "ticket_directory",
   "options": [
    {
     "value": ""
    }
   ],
   "pinned": true,
   "required": true
  },
  {
      "default": "k8s-registry.eccd.local",
      "description": "Docker Registry for Bake Manifest stage",
      "hasOptions": false,
      "label": "",
      "name": "registry",
      "options": [
        {
          "value": ""
        }
      ],
      "pinned": true,
      "required": true
    }
 ],
 "stages": [
  {
   "name": "Configuration_discovery",
   "type": "webhook",
   "refId": "discovery",
   "requisiteStageRefIds": [],
   "statusUrlResolution": "getMethod",
   "method": "GET",
   "url": "http://${parameters.config_service_host}:${ parameters.config_service_port}/swdpconfig/${parameters.site_name}/${parameters.network_function_name}"
  },
  {
   "name": "Configuration_discovery_manual_decisions",
   "type": "webhook",
   "refId": "manual_decisions",
   "requisiteStageRefIds": [],
   "statusUrlResolution": "getMethod",
   "method": "GET",
   "url": "http://${parameters.config_service_host}:${ parameters.config_service_port}/swdpconfig/${parameters.site_name}/manual-decisions"
  },
  {
  "name": "Test_with_docker",
  "type": "deployManifest",
  "refId": "cdd_ref_psp_test",
  "requisiteStageRefIds": [
    "manual_decisions",
    "discovery"
  ],
  "account": "default",
  "cloudProvider": "kubernetes",
  "manifests": [
    {
      "apiVersion": "batch/v1",
      "kind": "Job",
      "metadata": {
        "labels": {
          "app.kubernetes.io/name": "cdd_ref_psp_test"
        },
        "name": "cdd-ref-psp-test-job",
        "namespace": ""
      },
      "spec": {
        "backoffLimit": 4,
        "template": {
          "spec": {
            "containers": [
              {
                "command": [
                  "ls"
                ],
                "image": "${parameters.registry}/dashboard-verification:v1.0.0",
                "name": "tester"
              }
            ],
            "restartPolicy": "Never"
          }
        }
      }
    }
  ],
  "moniker": {
    "app": "cdd-ref-psp"
  },
  "skipExpressionEvaluation": false,
  "source": "text",
  "trafficManagement": {
    "enabled": false,
    "options": {
      "enableTraffic": false,
      "services": []
    }
  }
  },
  {
   "name": "Evaluate rollback auto finish",
   "type": "evaluateVariables",
   "refId": "rollback_auto_finish",
   "requisiteStageRefIds": [
    "cdd_ref_psp_test"
   ],
   "completeOtherBranchesThenFail": false,
   "continuePipeline": true,
   "failOnFailedExpressions": true,
   "failPipeline": false,
   "stageEnabled": {
    "expression": "#stage('Test_with_docker')['status'].toString() == 'SUCCEEDED'",
    "type": "expression"
   },
   "variables": [
    {
     "key": "rollback_decision",
     "value": "do_not_rollback"
    }
   ]
  }
 ],
 "triggers": []
}
