{
  "product": {
    "name": "Dashboard"
  },
  "versions": {
    "cdd_metadata_format": "1.0.1",
    "pipeline_package_format": "0.0.1"
  },
  "dependency_injection": {
    "cpe_pipeline_and_job_package": "CXP8765432_1-R1A"
  },
  "release_documents": {
    "human_readable": [
      {
        "product_number": "CXP<product_number_1>",
        "path": "<path_to_release_note>"
      }
    ],
    "machine_readable": [
      {
        "product_number": "CXP<product_number_1m>",
        "path": "<path_to_release_note>"
      }
    ]
  },
  "nir_documents": {
    "human_readable": [
      {
        "product_number": "CXP<product_number_n1>",
        "path": "<path_to_nir>"
      }
    ],
    "machine_readable": [
      {
        "product_number": "CXP<product_number_n1m>",
        "path": "<path_to_nir>"
      }
    ]
  }
}
