{
  "product": {
    "name": "pcg"
  },
  "versions": {
    "cdd_metadata_format": "1.2.1",
    "pipeline_package_format": "0.1.0"
  },
  "required_workspace_size": {
    "workspace_size_Gi": "20"
  },
  "dependency_injection": {
    "swdp_pipeline_and_job_package": "CXP9039021_1",
    "swdp_pipeline_provider": "true"
  },
  "release_documents": {
    "human_readable": [
      {
        "product_number": "AXM90107_1",
        "path": "AXM90107_1"
      }
    ],
    "machine_readable": []
  },
  "nir_documents": {
    "human_readable": [],
    "machine_readable": []
  }
}
